#group,FALSE,FALSE,TRUE,TRUE,FALSE,FALSE,TRUE,TRUE
#datatype,string,long,dateTime:RFC3339,dateTime:RFC3339,dateTime:RFC3339,double,string,string
#default,mean,,,,,,,
,result,table,_start,_stop,_time,_value,_field,_measurement
,,0,2023-08-12T09:14:36.3340254Z,2023-08-12T10:14:36.3340254Z,2023-08-12T09:14:40Z,136287,counter,boltdb_reads_total
,,0,2023-08-12T09:14:36.3340254Z,2023-08-12T10:14:36.3340254Z,2023-08-12T09:14:50Z,136289,counter,boltdb_reads_total
,,0,2023-08-12T09:14:36.3340254Z,2023-08-12T10:14:36.3340254Z,2023-08-12T09:15:00Z,136291,counter,boltdb_reads_total
,,0,2023-08-12T09:14:36.3340254Z,2023-08-12T10:14:36.3340254Z,2023-08-12T09:15:10Z,136293,counter,boltdb_reads_total
,,0,2023-08-12T09:14:36.3340254Z,2023-08-12T10:14:36.3340254Z,2023-08-12T09:15:20Z,136295,counter,boltdb_reads_total
,,0,2023-08-12T09:14:36.3340254Z,2023-08-12T10:14:36.3340254Z,2023-08-12T09:15:30Z,136297,counter,boltdb_reads_total
,,0,2023-08-12T09:14:36.3340254Z,2023-08-12T10:14:36.3340254Z,2023-08-12T09:15:40Z,136299,counter,boltdb_reads_total
,,0,2023-08-12T09:14:36.3340254Z,2023-08-12T10:14:36.3340254Z,2023-08-12T09:15:50Z,136301,counter,boltdb_reads_total
,,0,2023-08-12T09:14:36.3340254Z,2023-08-12T10:14:36.3340254Z,2023-08-12T09:16:00Z,136303,counter,boltdb_reads_total
,,0,2023-08-12T09:14:36.3340254Z,2023-08-12T10:14:36.3340254Z,2023-08-12T09:16:10Z,136305,counter,boltdb_reads_total
,,0,2023-08-12T09:14:36.3340254Z,2023-08-12T10:14:36.3340254Z,2023-08-12T09:16:20Z,136307,counter,boltdb_reads_total
,,0,2023-08-12T09:14:36.3340254Z,2023-08-12T10:14:36.3340254Z,2023-08-12T09:16:30Z,136309,counter,boltdb_reads_total
,,0,2023-08-12T09:14:36.3340254Z,2023-08-12T10:14:36.3340254Z,2023-08-12T09:16:40Z,136311,counter,boltdb_reads_total
,,0,2023-08-12T09:14:36.3340254Z,2023-08-12T10:14:36.3340254Z,2023-08-12T09:16:50Z,136313,counter,boltdb_reads_total
,,0,2023-08-12T09:14:36.3340254Z,2023-08-12T10:14:36.3340254Z,2023-08-12T09:17:00Z,136315,counter,boltdb_reads_total
,,0,2023-08-12T09:14:36.3340254Z,2023-08-12T10:14:36.3340254Z,2023-08-12T09:17:10Z,136317,counter,boltdb_reads_total
,,0,2023-08-12T09:14:36.3340254Z,2023-08-12T10:14:36.3340254Z,2023-08-12T09:17:20Z,136319,counter,boltdb_reads_total
,,0,2023-08-12T09:14:36.3340254Z,2023-08-12T10:14:36.3340254Z,2023-08-12T09:17:30Z,136321,counter,boltdb_reads_total
,,0,2023-08-12T09:14:36.3340254Z,2023-08-12T10:14:36.3340254Z,2023-08-12T09:17:40Z,136323,counter,boltdb_reads_total
,,0,2023-08-12T09:14:36.3340254Z,2023-08-12T10:14:36.3340254Z,2023-08-12T09:17:50Z,136325,counter,boltdb_reads_total
,,0,2023-08-12T09:14:36.3340254Z,2023-08-12T10:14:36.3340254Z,2023-08-12T09:18:00Z,136327,counter,boltdb_reads_total
,,0,2023-08-12T09:14:36.3340254Z,2023-08-12T10:14:36.3340254Z,2023-08-12T09:18:10Z,136329,counter,boltdb_reads_total
,,0,2023-08-12T09:14:36.3340254Z,2023-08-12T10:14:36.3340254Z,2023-08-12T09:18:20Z,136331,counter,boltdb_reads_total
,,0,2023-08-12T09:14:36.3340254Z,2023-08-12T10:14:36.3340254Z,2023-08-12T09:18:30Z,136333,counter,boltdb_reads_total
,,0,2023-08-12T09:14:36.3340254Z,2023-08-12T10:14:36.3340254Z,2023-08-12T09:18:40Z,136335,counter,boltdb_reads_total
,,0,2023-08-12T09:14:36.3340254Z,2023-08-12T10:14:36.3340254Z,2023-08-12T09:18:50Z,136337,counter,boltdb_reads_total
,,0,2023-08-12T09:14:36.3340254Z,2023-08-12T10:14:36.3340254Z,2023-08-12T09:19:00Z,136339,counter,boltdb_reads_total
,,0,2023-08-12T09:14:36.3340254Z,2023-08-12T10:14:36.3340254Z,2023-08-12T09:19:10Z,136341,counter,boltdb_reads_total
,,0,2023-08-12T09:14:36.3340254Z,2023-08-12T10:14:36.3340254Z,2023-08-12T09:19:20Z,136343,counter,boltdb_reads_total
,,0,2023-08-12T09:14:36.3340254Z,2023-08-12T10:14:36.3340254Z,2023-08-12T09:19:30Z,136345,counter,boltdb_reads_total
,,0,2023-08-12T09:14:36.3340254Z,2023-08-12T10:14:36.3340254Z,2023-08-12T09:19:40Z,136347,counter,boltdb_reads_total
,,0,2023-08-12T09:14:36.3340254Z,2023-08-12T10:14:36.3340254Z,2023-08-12T09:19:50Z,136349,counter,boltdb_reads_total
,,0,2023-08-12T09:14:36.3340254Z,2023-08-12T10:14:36.3340254Z,2023-08-12T09:20:00Z,136351,counter,boltdb_reads_total
,,0,2023-08-12T09:14:36.3340254Z,2023-08-12T10:14:36.3340254Z,2023-08-12T09:20:10Z,136353,counter,boltdb_reads_total
,,0,2023-08-12T09:14:36.3340254Z,2023-08-12T10:14:36.3340254Z,2023-08-12T09:20:20Z,136355,counter,boltdb_reads_total
,,0,2023-08-12T09:14:36.3340254Z,2023-08-12T10:14:36.3340254Z,2023-08-12T09:20:30Z,136357,counter,boltdb_reads_total
,,0,2023-08-12T09:14:36.3340254Z,2023-08-12T10:14:36.3340254Z,2023-08-12T09:20:40Z,136359,counter,boltdb_reads_total
,,0,2023-08-12T09:14:36.3340254Z,2023-08-12T10:14:36.3340254Z,2023-08-12T09:20:50Z,136361,counter,boltdb_reads_total
,,0,2023-08-12T09:14:36.3340254Z,2023-08-12T10:14:36.3340254Z,2023-08-12T09:21:00Z,136363,counter,boltdb_reads_total
,,0,2023-08-12T09:14:36.3340254Z,2023-08-12T10:14:36.3340254Z,2023-08-12T09:21:10Z,136365,counter,boltdb_reads_total
,,0,2023-08-12T09:14:36.3340254Z,2023-08-12T10:14:36.3340254Z,2023-08-12T09:21:20Z,136367,counter,boltdb_reads_total
,,0,2023-08-12T09:14:36.3340254Z,2023-08-12T10:14:36.3340254Z,2023-08-12T09:21:30Z,136369,counter,boltdb_reads_total
,,0,2023-08-12T09:14:36.3340254Z,2023-08-12T10:14:36.3340254Z,2023-08-12T09:21:40Z,136371,counter,boltdb_reads_total
,,0,2023-08-12T09:14:36.3340254Z,2023-08-12T10:14:36.3340254Z,2023-08-12T09:21:50Z,136373,counter,boltdb_reads_total
,,0,2023-08-12T09:14:36.3340254Z,2023-08-12T10:14:36.3340254Z,2023-08-12T09:22:00Z,136375,counter,boltdb_reads_total
,,0,2023-08-12T09:14:36.3340254Z,2023-08-12T10:14:36.3340254Z,2023-08-12T09:22:10Z,136377,counter,boltdb_reads_total
,,0,2023-08-12T09:14:36.3340254Z,2023-08-12T10:14:36.3340254Z,2023-08-12T09:22:20Z,136379,counter,boltdb_reads_total
,,0,2023-08-12T09:14:36.3340254Z,2023-08-12T10:14:36.3340254Z,2023-08-12T09:22:30Z,136381,counter,boltdb_reads_total
,,0,2023-08-12T09:14:36.3340254Z,2023-08-12T10:14:36.3340254Z,2023-08-12T09:22:40Z,136383,counter,boltdb_reads_total
,,0,2023-08-12T09:14:36.3340254Z,2023-08-12T10:14:36.3340254Z,2023-08-12T09:22:50Z,136385,counter,boltdb_reads_total
,,0,2023-08-12T09:14:36.3340254Z,2023-08-12T10:14:36.3340254Z,2023-08-12T09:23:00Z,136387,counter,boltdb_reads_total
,,0,2023-08-12T09:14:36.3340254Z,2023-08-12T10:14:36.3340254Z,2023-08-12T09:23:10Z,136389,counter,boltdb_reads_total
,,0,2023-08-12T09:14:36.3340254Z,2023-08-12T10:14:36.3340254Z,2023-08-12T09:23:20Z,136391,counter,boltdb_reads_total
,,0,2023-08-12T09:14:36.3340254Z,2023-08-12T10:14:36.3340254Z,2023-08-12T09:23:30Z,136393,counter,boltdb_reads_total
,,0,2023-08-12T09:14:36.3340254Z,2023-08-12T10:14:36.3340254Z,2023-08-12T09:23:40Z,136395,counter,boltdb_reads_total
,,0,2023-08-12T09:14:36.3340254Z,2023-08-12T10:14:36.3340254Z,2023-08-12T09:23:50Z,136397,counter,boltdb_reads_total
,,0,2023-08-12T09:14:36.3340254Z,2023-08-12T10:14:36.3340254Z,2023-08-12T09:24:00Z,136399,counter,boltdb_reads_total
,,0,2023-08-12T09:14:36.3340254Z,2023-08-12T10:14:36.3340254Z,2023-08-12T09:24:10Z,136401,counter,boltdb_reads_total
,,0,2023-08-12T09:14:36.3340254Z,2023-08-12T10:14:36.3340254Z,2023-08-12T09:24:20Z,136403,counter,boltdb_reads_total
,,0,2023-08-12T09:14:36.3340254Z,2023-08-12T10:14:36.3340254Z,2023-08-12T09:24:30Z,136405,counter,boltdb_reads_total
,,0,2023-08-12T09:14:36.3340254Z,2023-08-12T10:14:36.3340254Z,2023-08-12T09:24:40Z,136407,counter,boltdb_reads_total
,,0,2023-08-12T09:14:36.3340254Z,2023-08-12T10:14:36.3340254Z,2023-08-12T09:24:50Z,136409,counter,boltdb_reads_total
,,0,2023-08-12T09:14:36.3340254Z,2023-08-12T10:14:36.3340254Z,2023-08-12T09:25:00Z,136411,counter,boltdb_reads_total
,,0,2023-08-12T09:14:36.3340254Z,2023-08-12T10:14:36.3340254Z,2023-08-12T09:25:10Z,136413,counter,boltdb_reads_total
,,0,2023-08-12T09:14:36.3340254Z,2023-08-12T10:14:36.3340254Z,2023-08-12T09:25:20Z,136415,counter,boltdb_reads_total
,,0,2023-08-12T09:14:36.3340254Z,2023-08-12T10:14:36.3340254Z,2023-08-12T09:25:30Z,136417,counter,boltdb_reads_total
,,0,2023-08-12T09:14:36.3340254Z,2023-08-12T10:14:36.3340254Z,2023-08-12T09:25:40Z,136419,counter,boltdb_reads_total
,,0,2023-08-12T09:14:36.3340254Z,2023-08-12T10:14:36.3340254Z,2023-08-12T09:25:50Z,136421,counter,boltdb_reads_total
,,0,2023-08-12T09:14:36.3340254Z,2023-08-12T10:14:36.3340254Z,2023-08-12T09:26:00Z,136423,counter,boltdb_reads_total
,,0,2023-08-12T09:14:36.3340254Z,2023-08-12T10:14:36.3340254Z,2023-08-12T09:26:10Z,136425,counter,boltdb_reads_total
,,0,2023-08-12T09:14:36.3340254Z,2023-08-12T10:14:36.3340254Z,2023-08-12T09:26:20Z,136427,counter,boltdb_reads_total
,,0,2023-08-12T09:14:36.3340254Z,2023-08-12T10:14:36.3340254Z,2023-08-12T09:26:30Z,136429,counter,boltdb_reads_total
,,0,2023-08-12T09:14:36.3340254Z,2023-08-12T10:14:36.3340254Z,2023-08-12T09:26:40Z,136431,counter,boltdb_reads_total
,,0,2023-08-12T09:14:36.3340254Z,2023-08-12T10:14:36.3340254Z,2023-08-12T09:26:50Z,136433,counter,boltdb_reads_total
,,0,2023-08-12T09:14:36.3340254Z,2023-08-12T10:14:36.3340254Z,2023-08-12T09:27:00Z,136435,counter,boltdb_reads_total
,,0,2023-08-12T09:14:36.3340254Z,2023-08-12T10:14:36.3340254Z,2023-08-12T09:27:10Z,136437,counter,boltdb_reads_total
,,0,2023-08-12T09:14:36.3340254Z,2023-08-12T10:14:36.3340254Z,2023-08-12T09:27:20Z,136439,counter,boltdb_reads_total
,,0,2023-08-12T09:14:36.3340254Z,2023-08-12T10:14:36.3340254Z,2023-08-12T09:27:30Z,136441,counter,boltdb_reads_total
,,0,2023-08-12T09:14:36.3340254Z,2023-08-12T10:14:36.3340254Z,2023-08-12T09:27:40Z,136443,counter,boltdb_reads_total
,,0,2023-08-12T09:14:36.3340254Z,2023-08-12T10:14:36.3340254Z,2023-08-12T09:27:50Z,136445,counter,boltdb_reads_total
,,0,2023-08-12T09:14:36.3340254Z,2023-08-12T10:14:36.3340254Z,2023-08-12T09:28:00Z,136447,counter,boltdb_reads_total
,,0,2023-08-12T09:14:36.3340254Z,2023-08-12T10:14:36.3340254Z,2023-08-12T09:28:10Z,136449,counter,boltdb_reads_total
,,0,2023-08-12T09:14:36.3340254Z,2023-08-12T10:14:36.3340254Z,2023-08-12T09:28:20Z,136451,counter,boltdb_reads_total
,,0,2023-08-12T09:14:36.3340254Z,2023-08-12T10:14:36.3340254Z,2023-08-12T09:28:30Z,136453,counter,boltdb_reads_total
,,0,2023-08-12T09:14:36.3340254Z,2023-08-12T10:14:36.3340254Z,2023-08-12T09:28:40Z,136455,counter,boltdb_reads_total
,,0,2023-08-12T09:14:36.3340254Z,2023-08-12T10:14:36.3340254Z,2023-08-12T09:28:50Z,136457,counter,boltdb_reads_total
,,0,2023-08-12T09:14:36.3340254Z,2023-08-12T10:14:36.3340254Z,2023-08-12T09:29:00Z,136459,counter,boltdb_reads_total
,,0,2023-08-12T09:14:36.3340254Z,2023-08-12T10:14:36.3340254Z,2023-08-12T09:29:10Z,136461,counter,boltdb_reads_total
,,0,2023-08-12T09:14:36.3340254Z,2023-08-12T10:14:36.3340254Z,2023-08-12T09:29:20Z,136463,counter,boltdb_reads_total
,,0,2023-08-12T09:14:36.3340254Z,2023-08-12T10:14:36.3340254Z,2023-08-12T09:29:30Z,136465,counter,boltdb_reads_total
,,0,2023-08-12T09:14:36.3340254Z,2023-08-12T10:14:36.3340254Z,2023-08-12T09:29:40Z,136467,counter,boltdb_reads_total
,,0,2023-08-12T09:14:36.3340254Z,2023-08-12T10:14:36.3340254Z,2023-08-12T09:29:50Z,136469,counter,boltdb_reads_total
,,0,2023-08-12T09:14:36.3340254Z,2023-08-12T10:14:36.3340254Z,2023-08-12T09:30:00Z,136471,counter,boltdb_reads_total
,,0,2023-08-12T09:14:36.3340254Z,2023-08-12T10:14:36.3340254Z,2023-08-12T09:30:10Z,136473,counter,boltdb_reads_total
,,0,2023-08-12T09:14:36.3340254Z,2023-08-12T10:14:36.3340254Z,2023-08-12T09:30:20Z,136475,counter,boltdb_reads_total
,,0,2023-08-12T09:14:36.3340254Z,2023-08-12T10:14:36.3340254Z,2023-08-12T09:30:30Z,136477,counter,boltdb_reads_total
,,0,2023-08-12T09:14:36.3340254Z,2023-08-12T10:14:36.3340254Z,2023-08-12T09:30:40Z,136479,counter,boltdb_reads_total
,,0,2023-08-12T09:14:36.3340254Z,2023-08-12T10:14:36.3340254Z,2023-08-12T09:30:50Z,136481,counter,boltdb_reads_total
,,0,2023-08-12T09:14:36.3340254Z,2023-08-12T10:14:36.3340254Z,2023-08-12T09:31:00Z,136483,counter,boltdb_reads_total
,,0,2023-08-12T09:14:36.3340254Z,2023-08-12T10:14:36.3340254Z,2023-08-12T09:31:10Z,136485,counter,boltdb_reads_total
,,0,2023-08-12T09:14:36.3340254Z,2023-08-12T10:14:36.3340254Z,2023-08-12T09:31:20Z,136487,counter,boltdb_reads_total
,,0,2023-08-12T09:14:36.3340254Z,2023-08-12T10:14:36.3340254Z,2023-08-12T09:31:30Z,136490,counter,boltdb_reads_total
,,0,2023-08-12T09:14:36.3340254Z,2023-08-12T10:14:36.3340254Z,2023-08-12T09:31:40Z,136492,counter,boltdb_reads_total
,,0,2023-08-12T09:14:36.3340254Z,2023-08-12T10:14:36.3340254Z,2023-08-12T09:31:50Z,136494,counter,boltdb_reads_total
,,0,2023-08-12T09:14:36.3340254Z,2023-08-12T10:14:36.3340254Z,2023-08-12T09:32:00Z,136496,counter,boltdb_reads_total
,,0,2023-08-12T09:14:36.3340254Z,2023-08-12T10:14:36.3340254Z,2023-08-12T09:32:10Z,136498,counter,boltdb_reads_total
,,0,2023-08-12T09:14:36.3340254Z,2023-08-12T10:14:36.3340254Z,2023-08-12T09:32:20Z,136500,counter,boltdb_reads_total
,,0,2023-08-12T09:14:36.3340254Z,2023-08-12T10:14:36.3340254Z,2023-08-12T09:32:30Z,136502,counter,boltdb_reads_total
,,0,2023-08-12T09:14:36.3340254Z,2023-08-12T10:14:36.3340254Z,2023-08-12T09:32:40Z,136504,counter,boltdb_reads_total
,,0,2023-08-12T09:14:36.3340254Z,2023-08-12T10:14:36.3340254Z,2023-08-12T09:32:50Z,136506,counter,boltdb_reads_total
,,0,2023-08-12T09:14:36.3340254Z,2023-08-12T10:14:36.3340254Z,2023-08-12T09:33:00Z,136508,counter,boltdb_reads_total
,,0,2023-08-12T09:14:36.3340254Z,2023-08-12T10:14:36.3340254Z,2023-08-12T09:33:10Z,136510,counter,boltdb_reads_total
,,0,2023-08-12T09:14:36.3340254Z,2023-08-12T10:14:36.3340254Z,2023-08-12T09:33:20Z,136512,counter,boltdb_reads_total
,,0,2023-08-12T09:14:36.3340254Z,2023-08-12T10:14:36.3340254Z,2023-08-12T09:33:30Z,136514,counter,boltdb_reads_total
,,0,2023-08-12T09:14:36.3340254Z,2023-08-12T10:14:36.3340254Z,2023-08-12T09:33:40Z,136516,counter,boltdb_reads_total
,,0,2023-08-12T09:14:36.3340254Z,2023-08-12T10:14:36.3340254Z,2023-08-12T09:33:50Z,136518,counter,boltdb_reads_total
,,0,2023-08-12T09:14:36.3340254Z,2023-08-12T10:14:36.3340254Z,2023-08-12T09:34:00Z,136520,counter,boltdb_reads_total
,,0,2023-08-12T09:14:36.3340254Z,2023-08-12T10:14:36.3340254Z,2023-08-12T09:34:10Z,136522,counter,boltdb_reads_total
,,0,2023-08-12T09:14:36.3340254Z,2023-08-12T10:14:36.3340254Z,2023-08-12T09:34:20Z,136524,counter,boltdb_reads_total
,,0,2023-08-12T09:14:36.3340254Z,2023-08-12T10:14:36.3340254Z,2023-08-12T09:34:30Z,136526,counter,boltdb_reads_total
,,0,2023-08-12T09:14:36.3340254Z,2023-08-12T10:14:36.3340254Z,2023-08-12T09:34:40Z,136528,counter,boltdb_reads_total
,,0,2023-08-12T09:14:36.3340254Z,2023-08-12T10:14:36.3340254Z,2023-08-12T09:34:50Z,136530,counter,boltdb_reads_total
,,0,2023-08-12T09:14:36.3340254Z,2023-08-12T10:14:36.3340254Z,2023-08-12T09:35:00Z,136532,counter,boltdb_reads_total
,,0,2023-08-12T09:14:36.3340254Z,2023-08-12T10:14:36.3340254Z,2023-08-12T09:35:10Z,136534,counter,boltdb_reads_total
,,0,2023-08-12T09:14:36.3340254Z,2023-08-12T10:14:36.3340254Z,2023-08-12T09:35:20Z,136536,counter,boltdb_reads_total
,,0,2023-08-12T09:14:36.3340254Z,2023-08-12T10:14:36.3340254Z,2023-08-12T09:35:30Z,136538,counter,boltdb_reads_total
,,0,2023-08-12T09:14:36.3340254Z,2023-08-12T10:14:36.3340254Z,2023-08-12T09:35:40Z,136540,counter,boltdb_reads_total
,,0,2023-08-12T09:14:36.3340254Z,2023-08-12T10:14:36.3340254Z,2023-08-12T09:35:50Z,136542,counter,boltdb_reads_total
,,0,2023-08-12T09:14:36.3340254Z,2023-08-12T10:14:36.3340254Z,2023-08-12T09:36:00Z,136544,counter,boltdb_reads_total
,,0,2023-08-12T09:14:36.3340254Z,2023-08-12T10:14:36.3340254Z,2023-08-12T09:36:10Z,136546,counter,boltdb_reads_total
,,0,2023-08-12T09:14:36.3340254Z,2023-08-12T10:14:36.3340254Z,2023-08-12T09:36:20Z,136548,counter,boltdb_reads_total
,,0,2023-08-12T09:14:36.3340254Z,2023-08-12T10:14:36.3340254Z,2023-08-12T09:36:30Z,136550,counter,boltdb_reads_total
,,0,2023-08-12T09:14:36.3340254Z,2023-08-12T10:14:36.3340254Z,2023-08-12T09:36:40Z,136552,counter,boltdb_reads_total
,,0,2023-08-12T09:14:36.3340254Z,2023-08-12T10:14:36.3340254Z,2023-08-12T09:36:50Z,136554,counter,boltdb_reads_total
,,0,2023-08-12T09:14:36.3340254Z,2023-08-12T10:14:36.3340254Z,2023-08-12T09:37:00Z,136556,counter,boltdb_reads_total
,,0,2023-08-12T09:14:36.3340254Z,2023-08-12T10:14:36.3340254Z,2023-08-12T09:37:10Z,136558,counter,boltdb_reads_total
,,0,2023-08-12T09:14:36.3340254Z,2023-08-12T10:14:36.3340254Z,2023-08-12T09:37:20Z,136560,counter,boltdb_reads_total
,,0,2023-08-12T09:14:36.3340254Z,2023-08-12T10:14:36.3340254Z,2023-08-12T09:37:30Z,136562,counter,boltdb_reads_total
,,0,2023-08-12T09:14:36.3340254Z,2023-08-12T10:14:36.3340254Z,2023-08-12T09:37:40Z,136564,counter,boltdb_reads_total
,,0,2023-08-12T09:14:36.3340254Z,2023-08-12T10:14:36.3340254Z,2023-08-12T09:37:50Z,136566,counter,boltdb_reads_total
,,0,2023-08-12T09:14:36.3340254Z,2023-08-12T10:14:36.3340254Z,2023-08-12T09:38:00Z,136568,counter,boltdb_reads_total
,,0,2023-08-12T09:14:36.3340254Z,2023-08-12T10:14:36.3340254Z,2023-08-12T09:38:10Z,136570,counter,boltdb_reads_total
,,0,2023-08-12T09:14:36.3340254Z,2023-08-12T10:14:36.3340254Z,2023-08-12T09:38:20Z,136572,counter,boltdb_reads_total
,,0,2023-08-12T09:14:36.3340254Z,2023-08-12T10:14:36.3340254Z,2023-08-12T09:38:30Z,136574,counter,boltdb_reads_total
,,0,2023-08-12T09:14:36.3340254Z,2023-08-12T10:14:36.3340254Z,2023-08-12T09:38:40Z,136576,counter,boltdb_reads_total
,,0,2023-08-12T09:14:36.3340254Z,2023-08-12T10:14:36.3340254Z,2023-08-12T09:38:50Z,136578,counter,boltdb_reads_total
,,0,2023-08-12T09:14:36.3340254Z,2023-08-12T10:14:36.3340254Z,2023-08-12T09:39:00Z,136580,counter,boltdb_reads_total
,,0,2023-08-12T09:14:36.3340254Z,2023-08-12T10:14:36.3340254Z,2023-08-12T09:39:10Z,136582,counter,boltdb_reads_total
,,0,2023-08-12T09:14:36.3340254Z,2023-08-12T10:14:36.3340254Z,2023-08-12T09:39:20Z,136584,counter,boltdb_reads_total
,,0,2023-08-12T09:14:36.3340254Z,2023-08-12T10:14:36.3340254Z,2023-08-12T09:39:30Z,136586,counter,boltdb_reads_total
,,0,2023-08-12T09:14:36.3340254Z,2023-08-12T10:14:36.3340254Z,2023-08-12T09:39:40Z,136588,counter,boltdb_reads_total
,,0,2023-08-12T09:14:36.3340254Z,2023-08-12T10:14:36.3340254Z,2023-08-12T09:39:50Z,136590,counter,boltdb_reads_total
,,0,2023-08-12T09:14:36.3340254Z,2023-08-12T10:14:36.3340254Z,2023-08-12T09:40:00Z,136592,counter,boltdb_reads_total
,,0,2023-08-12T09:14:36.3340254Z,2023-08-12T10:14:36.3340254Z,2023-08-12T09:40:10Z,136594,counter,boltdb_reads_total
,,0,2023-08-12T09:14:36.3340254Z,2023-08-12T10:14:36.3340254Z,2023-08-12T09:40:20Z,136596,counter,boltdb_reads_total
,,0,2023-08-12T09:14:36.3340254Z,2023-08-12T10:14:36.3340254Z,2023-08-12T09:40:30Z,136598,counter,boltdb_reads_total
,,0,2023-08-12T09:14:36.3340254Z,2023-08-12T10:14:36.3340254Z,2023-08-12T09:40:40Z,136600,counter,boltdb_reads_total
,,0,2023-08-12T09:14:36.3340254Z,2023-08-12T10:14:36.3340254Z,2023-08-12T09:40:50Z,136602,counter,boltdb_reads_total
,,0,2023-08-12T09:14:36.3340254Z,2023-08-12T10:14:36.3340254Z,2023-08-12T09:41:00Z,136604,counter,boltdb_reads_total
,,0,2023-08-12T09:14:36.3340254Z,2023-08-12T10:14:36.3340254Z,2023-08-12T09:41:10Z,136606,counter,boltdb_reads_total
,,0,2023-08-12T09:14:36.3340254Z,2023-08-12T10:14:36.3340254Z,2023-08-12T09:41:20Z,136608,counter,boltdb_reads_total
,,0,2023-08-12T09:14:36.3340254Z,2023-08-12T10:14:36.3340254Z,2023-08-12T09:41:30Z,136610,counter,boltdb_reads_total
,,0,2023-08-12T09:14:36.3340254Z,2023-08-12T10:14:36.3340254Z,2023-08-12T09:41:40Z,136612,counter,boltdb_reads_total
,,0,2023-08-12T09:14:36.3340254Z,2023-08-12T10:14:36.3340254Z,2023-08-12T09:41:50Z,136614,counter,boltdb_reads_total
,,0,2023-08-12T09:14:36.3340254Z,2023-08-12T10:14:36.3340254Z,2023-08-12T09:42:00Z,136616,counter,boltdb_reads_total
,,0,2023-08-12T09:14:36.3340254Z,2023-08-12T10:14:36.3340254Z,2023-08-12T09:42:10Z,136618,counter,boltdb_reads_total
,,0,2023-08-12T09:14:36.3340254Z,2023-08-12T10:14:36.3340254Z,2023-08-12T09:42:20Z,136620,counter,boltdb_reads_total
,,0,2023-08-12T09:14:36.3340254Z,2023-08-12T10:14:36.3340254Z,2023-08-12T09:42:30Z,136622,counter,boltdb_reads_total
,,0,2023-08-12T09:14:36.3340254Z,2023-08-12T10:14:36.3340254Z,2023-08-12T09:42:40Z,136624,counter,boltdb_reads_total
,,0,2023-08-12T09:14:36.3340254Z,2023-08-12T10:14:36.3340254Z,2023-08-12T09:42:50Z,136626,counter,boltdb_reads_total
,,0,2023-08-12T09:14:36.3340254Z,2023-08-12T10:14:36.3340254Z,2023-08-12T09:43:00Z,136628,counter,boltdb_reads_total
,,0,2023-08-12T09:14:36.3340254Z,2023-08-12T10:14:36.3340254Z,2023-08-12T09:43:10Z,136630,counter,boltdb_reads_total
,,0,2023-08-12T09:14:36.3340254Z,2023-08-12T10:14:36.3340254Z,2023-08-12T09:43:20Z,136632,counter,boltdb_reads_total
,,0,2023-08-12T09:14:36.3340254Z,2023-08-12T10:14:36.3340254Z,2023-08-12T09:43:30Z,136634,counter,boltdb_reads_total
,,0,2023-08-12T09:14:36.3340254Z,2023-08-12T10:14:36.3340254Z,2023-08-12T09:43:40Z,136636,counter,boltdb_reads_total
,,0,2023-08-12T09:14:36.3340254Z,2023-08-12T10:14:36.3340254Z,2023-08-12T09:43:50Z,136638,counter,boltdb_reads_total
,,0,2023-08-12T09:14:36.3340254Z,2023-08-12T10:14:36.3340254Z,2023-08-12T09:44:00Z,136640,counter,boltdb_reads_total
,,0,2023-08-12T09:14:36.3340254Z,2023-08-12T10:14:36.3340254Z,2023-08-12T09:44:10Z,136642,counter,boltdb_reads_total
,,0,2023-08-12T09:14:36.3340254Z,2023-08-12T10:14:36.3340254Z,2023-08-12T09:44:20Z,136644,counter,boltdb_reads_total
,,0,2023-08-12T09:14:36.3340254Z,2023-08-12T10:14:36.3340254Z,2023-08-12T09:44:30Z,136646,counter,boltdb_reads_total
,,0,2023-08-12T09:14:36.3340254Z,2023-08-12T10:14:36.3340254Z,2023-08-12T09:44:40Z,136648,counter,boltdb_reads_total
,,0,2023-08-12T09:14:36.3340254Z,2023-08-12T10:14:36.3340254Z,2023-08-12T09:44:50Z,136650,counter,boltdb_reads_total
,,0,2023-08-12T09:14:36.3340254Z,2023-08-12T10:14:36.3340254Z,2023-08-12T09:45:00Z,136652,counter,boltdb_reads_total
,,0,2023-08-12T09:14:36.3340254Z,2023-08-12T10:14:36.3340254Z,2023-08-12T09:45:10Z,136654,counter,boltdb_reads_total
,,0,2023-08-12T09:14:36.3340254Z,2023-08-12T10:14:36.3340254Z,2023-08-12T09:45:20Z,136656,counter,boltdb_reads_total
,,0,2023-08-12T09:14:36.3340254Z,2023-08-12T10:14:36.3340254Z,2023-08-12T09:45:30Z,136658,counter,boltdb_reads_total
,,0,2023-08-12T09:14:36.3340254Z,2023-08-12T10:14:36.3340254Z,2023-08-12T09:45:40Z,136660,counter,boltdb_reads_total
,,0,2023-08-12T09:14:36.3340254Z,2023-08-12T10:14:36.3340254Z,2023-08-12T09:45:50Z,136662,counter,boltdb_reads_total
,,0,2023-08-12T09:14:36.3340254Z,2023-08-12T10:14:36.3340254Z,2023-08-12T09:46:00Z,136664,counter,boltdb_reads_total
,,0,2023-08-12T09:14:36.3340254Z,2023-08-12T10:14:36.3340254Z,2023-08-12T09:46:10Z,136666,counter,boltdb_reads_total
,,0,2023-08-12T09:14:36.3340254Z,2023-08-12T10:14:36.3340254Z,2023-08-12T09:46:20Z,136668,counter,boltdb_reads_total
,,0,2023-08-12T09:14:36.3340254Z,2023-08-12T10:14:36.3340254Z,2023-08-12T09:46:30Z,136670,counter,boltdb_reads_total
,,0,2023-08-12T09:14:36.3340254Z,2023-08-12T10:14:36.3340254Z,2023-08-12T09:46:40Z,136672,counter,boltdb_reads_total
,,0,2023-08-12T09:14:36.3340254Z,2023-08-12T10:14:36.3340254Z,2023-08-12T09:46:50Z,136674,counter,boltdb_reads_total
,,0,2023-08-12T09:14:36.3340254Z,2023-08-12T10:14:36.3340254Z,2023-08-12T09:47:00Z,136676,counter,boltdb_reads_total
,,0,2023-08-12T09:14:36.3340254Z,2023-08-12T10:14:36.3340254Z,2023-08-12T09:47:10Z,136678,counter,boltdb_reads_total
,,0,2023-08-12T09:14:36.3340254Z,2023-08-12T10:14:36.3340254Z,2023-08-12T09:47:20Z,136680,counter,boltdb_reads_total
,,0,2023-08-12T09:14:36.3340254Z,2023-08-12T10:14:36.3340254Z,2023-08-12T09:47:30Z,136682,counter,boltdb_reads_total
,,0,2023-08-12T09:14:36.3340254Z,2023-08-12T10:14:36.3340254Z,2023-08-12T09:47:40Z,136684,counter,boltdb_reads_total
,,0,2023-08-12T09:14:36.3340254Z,2023-08-12T10:14:36.3340254Z,2023-08-12T09:47:50Z,136686,counter,boltdb_reads_total
,,0,2023-08-12T09:14:36.3340254Z,2023-08-12T10:14:36.3340254Z,2023-08-12T09:48:00Z,136688,counter,boltdb_reads_total
,,0,2023-08-12T09:14:36.3340254Z,2023-08-12T10:14:36.3340254Z,2023-08-12T09:48:10Z,136690,counter,boltdb_reads_total
,,0,2023-08-12T09:14:36.3340254Z,2023-08-12T10:14:36.3340254Z,2023-08-12T09:48:20Z,136692,counter,boltdb_reads_total
,,0,2023-08-12T09:14:36.3340254Z,2023-08-12T10:14:36.3340254Z,2023-08-12T09:48:30Z,136694,counter,boltdb_reads_total
,,0,2023-08-12T09:14:36.3340254Z,2023-08-12T10:14:36.3340254Z,2023-08-12T09:48:40Z,136696,counter,boltdb_reads_total
,,0,2023-08-12T09:14:36.3340254Z,2023-08-12T10:14:36.3340254Z,2023-08-12T09:48:50Z,136698,counter,boltdb_reads_total
,,0,2023-08-12T09:14:36.3340254Z,2023-08-12T10:14:36.3340254Z,2023-08-12T09:49:00Z,136700,counter,boltdb_reads_total
,,0,2023-08-12T09:14:36.3340254Z,2023-08-12T10:14:36.3340254Z,2023-08-12T09:49:10Z,136702,counter,boltdb_reads_total
,,0,2023-08-12T09:14:36.3340254Z,2023-08-12T10:14:36.3340254Z,2023-08-12T09:49:20Z,136704,counter,boltdb_reads_total
,,0,2023-08-12T09:14:36.3340254Z,2023-08-12T10:14:36.3340254Z,2023-08-12T09:49:30Z,136706,counter,boltdb_reads_total
,,0,2023-08-12T09:14:36.3340254Z,2023-08-12T10:14:36.3340254Z,2023-08-12T09:49:40Z,136708,counter,boltdb_reads_total
,,0,2023-08-12T09:14:36.3340254Z,2023-08-12T10:14:36.3340254Z,2023-08-12T09:49:50Z,136710,counter,boltdb_reads_total
,,0,2023-08-12T09:14:36.3340254Z,2023-08-12T10:14:36.3340254Z,2023-08-12T09:50:00Z,136712,counter,boltdb_reads_total
,,0,2023-08-12T09:14:36.3340254Z,2023-08-12T10:14:36.3340254Z,2023-08-12T09:50:10Z,136714,counter,boltdb_reads_total
,,0,2023-08-12T09:14:36.3340254Z,2023-08-12T10:14:36.3340254Z,2023-08-12T09:50:20Z,136716,counter,boltdb_reads_total
,,0,2023-08-12T09:14:36.3340254Z,2023-08-12T10:14:36.3340254Z,2023-08-12T09:50:30Z,136718,counter,boltdb_reads_total
,,0,2023-08-12T09:14:36.3340254Z,2023-08-12T10:14:36.3340254Z,2023-08-12T09:50:40Z,136720,counter,boltdb_reads_total
,,0,2023-08-12T09:14:36.3340254Z,2023-08-12T10:14:36.3340254Z,2023-08-12T09:50:50Z,136722,counter,boltdb_reads_total
,,0,2023-08-12T09:14:36.3340254Z,2023-08-12T10:14:36.3340254Z,2023-08-12T09:51:00Z,136724,counter,boltdb_reads_total
,,0,2023-08-12T09:14:36.3340254Z,2023-08-12T10:14:36.3340254Z,2023-08-12T09:51:10Z,136726,counter,boltdb_reads_total
,,0,2023-08-12T09:14:36.3340254Z,2023-08-12T10:14:36.3340254Z,2023-08-12T09:51:20Z,136728,counter,boltdb_reads_total
,,0,2023-08-12T09:14:36.3340254Z,2023-08-12T10:14:36.3340254Z,2023-08-12T09:51:30Z,136730,counter,boltdb_reads_total
,,0,2023-08-12T09:14:36.3340254Z,2023-08-12T10:14:36.3340254Z,2023-08-12T09:51:40Z,136732,counter,boltdb_reads_total
,,0,2023-08-12T09:14:36.3340254Z,2023-08-12T10:14:36.3340254Z,2023-08-12T09:51:50Z,136734,counter,boltdb_reads_total
,,0,2023-08-12T09:14:36.3340254Z,2023-08-12T10:14:36.3340254Z,2023-08-12T09:52:00Z,136736,counter,boltdb_reads_total
,,0,2023-08-12T09:14:36.3340254Z,2023-08-12T10:14:36.3340254Z,2023-08-12T09:52:10Z,136738,counter,boltdb_reads_total
,,0,2023-08-12T09:14:36.3340254Z,2023-08-12T10:14:36.3340254Z,2023-08-12T09:52:20Z,136740,counter,boltdb_reads_total
,,0,2023-08-12T09:14:36.3340254Z,2023-08-12T10:14:36.3340254Z,2023-08-12T09:52:30Z,136742,counter,boltdb_reads_total
,,0,2023-08-12T09:14:36.3340254Z,2023-08-12T10:14:36.3340254Z,2023-08-12T09:52:40Z,136744,counter,boltdb_reads_total
,,0,2023-08-12T09:14:36.3340254Z,2023-08-12T10:14:36.3340254Z,2023-08-12T09:52:50Z,136746,counter,boltdb_reads_total
,,0,2023-08-12T09:14:36.3340254Z,2023-08-12T10:14:36.3340254Z,2023-08-12T09:53:00Z,136748,counter,boltdb_reads_total
,,0,2023-08-12T09:14:36.3340254Z,2023-08-12T10:14:36.3340254Z,2023-08-12T09:53:10Z,136750,counter,boltdb_reads_total
,,0,2023-08-12T09:14:36.3340254Z,2023-08-12T10:14:36.3340254Z,2023-08-12T09:53:20Z,136752,counter,boltdb_reads_total
,,0,2023-08-12T09:14:36.3340254Z,2023-08-12T10:14:36.3340254Z,2023-08-12T09:53:30Z,136754,counter,boltdb_reads_total
,,0,2023-08-12T09:14:36.3340254Z,2023-08-12T10:14:36.3340254Z,2023-08-12T09:53:40Z,136756,counter,boltdb_reads_total
,,0,2023-08-12T09:14:36.3340254Z,2023-08-12T10:14:36.3340254Z,2023-08-12T09:53:50Z,136758,counter,boltdb_reads_total
,,0,2023-08-12T09:14:36.3340254Z,2023-08-12T10:14:36.3340254Z,2023-08-12T09:54:00Z,136760,counter,boltdb_reads_total
,,0,2023-08-12T09:14:36.3340254Z,2023-08-12T10:14:36.3340254Z,2023-08-12T09:54:10Z,136762,counter,boltdb_reads_total
,,0,2023-08-12T09:14:36.3340254Z,2023-08-12T10:14:36.3340254Z,2023-08-12T09:54:20Z,136764,counter,boltdb_reads_total
,,0,2023-08-12T09:14:36.3340254Z,2023-08-12T10:14:36.3340254Z,2023-08-12T09:54:30Z,136766,counter,boltdb_reads_total
,,0,2023-08-12T09:14:36.3340254Z,2023-08-12T10:14:36.3340254Z,2023-08-12T09:54:40Z,136768,counter,boltdb_reads_total
,,0,2023-08-12T09:14:36.3340254Z,2023-08-12T10:14:36.3340254Z,2023-08-12T09:54:50Z,136770,counter,boltdb_reads_total
,,0,2023-08-12T09:14:36.3340254Z,2023-08-12T10:14:36.3340254Z,2023-08-12T09:55:00Z,136772,counter,boltdb_reads_total
,,0,2023-08-12T09:14:36.3340254Z,2023-08-12T10:14:36.3340254Z,2023-08-12T09:55:10Z,136774,counter,boltdb_reads_total
,,0,2023-08-12T09:14:36.3340254Z,2023-08-12T10:14:36.3340254Z,2023-08-12T09:55:20Z,136776,counter,boltdb_reads_total
,,0,2023-08-12T09:14:36.3340254Z,2023-08-12T10:14:36.3340254Z,2023-08-12T09:55:30Z,136778,counter,boltdb_reads_total
,,0,2023-08-12T09:14:36.3340254Z,2023-08-12T10:14:36.3340254Z,2023-08-12T09:55:40Z,136780,counter,boltdb_reads_total
,,0,2023-08-12T09:14:36.3340254Z,2023-08-12T10:14:36.3340254Z,2023-08-12T09:55:50Z,136782,counter,boltdb_reads_total
,,0,2023-08-12T09:14:36.3340254Z,2023-08-12T10:14:36.3340254Z,2023-08-12T09:56:00Z,136784,counter,boltdb_reads_total
,,0,2023-08-12T09:14:36.3340254Z,2023-08-12T10:14:36.3340254Z,2023-08-12T09:56:10Z,136786,counter,boltdb_reads_total
,,0,2023-08-12T09:14:36.3340254Z,2023-08-12T10:14:36.3340254Z,2023-08-12T09:56:20Z,136788,counter,boltdb_reads_total
,,0,2023-08-12T09:14:36.3340254Z,2023-08-12T10:14:36.3340254Z,2023-08-12T09:56:30Z,136790,counter,boltdb_reads_total
,,0,2023-08-12T09:14:36.3340254Z,2023-08-12T10:14:36.3340254Z,2023-08-12T09:56:40Z,136792,counter,boltdb_reads_total
,,0,2023-08-12T09:14:36.3340254Z,2023-08-12T10:14:36.3340254Z,2023-08-12T09:56:50Z,136794,counter,boltdb_reads_total
,,0,2023-08-12T09:14:36.3340254Z,2023-08-12T10:14:36.3340254Z,2023-08-12T09:57:00Z,136796,counter,boltdb_reads_total
,,0,2023-08-12T09:14:36.3340254Z,2023-08-12T10:14:36.3340254Z,2023-08-12T09:57:10Z,136798,counter,boltdb_reads_total
,,0,2023-08-12T09:14:36.3340254Z,2023-08-12T10:14:36.3340254Z,2023-08-12T09:57:20Z,136800,counter,boltdb_reads_total
,,0,2023-08-12T09:14:36.3340254Z,2023-08-12T10:14:36.3340254Z,2023-08-12T09:57:30Z,136802,counter,boltdb_reads_total
,,0,2023-08-12T09:14:36.3340254Z,2023-08-12T10:14:36.3340254Z,2023-08-12T09:57:40Z,136804,counter,boltdb_reads_total
,,0,2023-08-12T09:14:36.3340254Z,2023-08-12T10:14:36.3340254Z,2023-08-12T09:57:50Z,136806,counter,boltdb_reads_total
,,0,2023-08-12T09:14:36.3340254Z,2023-08-12T10:14:36.3340254Z,2023-08-12T09:58:00Z,136808,counter,boltdb_reads_total
,,0,2023-08-12T09:14:36.3340254Z,2023-08-12T10:14:36.3340254Z,2023-08-12T09:58:10Z,136810,counter,boltdb_reads_total
,,0,2023-08-12T09:14:36.3340254Z,2023-08-12T10:14:36.3340254Z,2023-08-12T09:58:20Z,136812,counter,boltdb_reads_total
,,0,2023-08-12T09:14:36.3340254Z,2023-08-12T10:14:36.3340254Z,2023-08-12T09:58:30Z,136814,counter,boltdb_reads_total
,,0,2023-08-12T09:14:36.3340254Z,2023-08-12T10:14:36.3340254Z,2023-08-12T09:58:40Z,136816,counter,boltdb_reads_total
,,0,2023-08-12T09:14:36.3340254Z,2023-08-12T10:14:36.3340254Z,2023-08-12T09:58:50Z,136818,counter,boltdb_reads_total
,,0,2023-08-12T09:14:36.3340254Z,2023-08-12T10:14:36.3340254Z,2023-08-12T09:59:00Z,136820,counter,boltdb_reads_total
,,0,2023-08-12T09:14:36.3340254Z,2023-08-12T10:14:36.3340254Z,2023-08-12T09:59:10Z,136822,counter,boltdb_reads_total
,,0,2023-08-12T09:14:36.3340254Z,2023-08-12T10:14:36.3340254Z,2023-08-12T09:59:20Z,136824,counter,boltdb_reads_total
,,0,2023-08-12T09:14:36.3340254Z,2023-08-12T10:14:36.3340254Z,2023-08-12T09:59:30Z,136826,counter,boltdb_reads_total
,,0,2023-08-12T09:14:36.3340254Z,2023-08-12T10:14:36.3340254Z,2023-08-12T09:59:40Z,136828,counter,boltdb_reads_total
,,0,2023-08-12T09:14:36.3340254Z,2023-08-12T10:14:36.3340254Z,2023-08-12T09:59:50Z,136830,counter,boltdb_reads_total
,,0,2023-08-12T09:14:36.3340254Z,2023-08-12T10:14:36.3340254Z,2023-08-12T10:00:00Z,136832,counter,boltdb_reads_total
,,0,2023-08-12T09:14:36.3340254Z,2023-08-12T10:14:36.3340254Z,2023-08-12T10:00:10Z,136834,counter,boltdb_reads_total
,,0,2023-08-12T09:14:36.3340254Z,2023-08-12T10:14:36.3340254Z,2023-08-12T10:00:20Z,136836,counter,boltdb_reads_total
,,0,2023-08-12T09:14:36.3340254Z,2023-08-12T10:14:36.3340254Z,2023-08-12T10:00:30Z,136838,counter,boltdb_reads_total
,,0,2023-08-12T09:14:36.3340254Z,2023-08-12T10:14:36.3340254Z,2023-08-12T10:00:40Z,136840,counter,boltdb_reads_total
,,0,2023-08-12T09:14:36.3340254Z,2023-08-12T10:14:36.3340254Z,2023-08-12T10:00:50Z,136842,counter,boltdb_reads_total
,,0,2023-08-12T09:14:36.3340254Z,2023-08-12T10:14:36.3340254Z,2023-08-12T10:01:00Z,136844,counter,boltdb_reads_total
,,0,2023-08-12T09:14:36.3340254Z,2023-08-12T10:14:36.3340254Z,2023-08-12T10:01:10Z,136846,counter,boltdb_reads_total
,,0,2023-08-12T09:14:36.3340254Z,2023-08-12T10:14:36.3340254Z,2023-08-12T10:01:20Z,136848,counter,boltdb_reads_total
,,0,2023-08-12T09:14:36.3340254Z,2023-08-12T10:14:36.3340254Z,2023-08-12T10:01:30Z,136850,counter,boltdb_reads_total
,,0,2023-08-12T09:14:36.3340254Z,2023-08-12T10:14:36.3340254Z,2023-08-12T10:01:40Z,136852,counter,boltdb_reads_total
,,0,2023-08-12T09:14:36.3340254Z,2023-08-12T10:14:36.3340254Z,2023-08-12T10:01:50Z,136854,counter,boltdb_reads_total
,,0,2023-08-12T09:14:36.3340254Z,2023-08-12T10:14:36.3340254Z,2023-08-12T10:02:00Z,136856,counter,boltdb_reads_total
,,0,2023-08-12T09:14:36.3340254Z,2023-08-12T10:14:36.3340254Z,2023-08-12T10:02:10Z,136858,counter,boltdb_reads_total
,,0,2023-08-12T09:14:36.3340254Z,2023-08-12T10:14:36.3340254Z,2023-08-12T10:02:20Z,136860,counter,boltdb_reads_total
,,0,2023-08-12T09:14:36.3340254Z,2023-08-12T10:14:36.3340254Z,2023-08-12T10:02:30Z,136862,counter,boltdb_reads_total
,,0,2023-08-12T09:14:36.3340254Z,2023-08-12T10:14:36.3340254Z,2023-08-12T10:02:40Z,136864,counter,boltdb_reads_total
,,0,2023-08-12T09:14:36.3340254Z,2023-08-12T10:14:36.3340254Z,2023-08-12T10:02:50Z,136866,counter,boltdb_reads_total
,,0,2023-08-12T09:14:36.3340254Z,2023-08-12T10:14:36.3340254Z,2023-08-12T10:03:00Z,136868,counter,boltdb_reads_total
,,0,2023-08-12T09:14:36.3340254Z,2023-08-12T10:14:36.3340254Z,2023-08-12T10:03:10Z,136870,counter,boltdb_reads_total
,,0,2023-08-12T09:14:36.3340254Z,2023-08-12T10:14:36.3340254Z,2023-08-12T10:03:20Z,136872,counter,boltdb_reads_total
,,0,2023-08-12T09:14:36.3340254Z,2023-08-12T10:14:36.3340254Z,2023-08-12T10:03:30Z,136874,counter,boltdb_reads_total
,,0,2023-08-12T09:14:36.3340254Z,2023-08-12T10:14:36.3340254Z,2023-08-12T10:03:40Z,136876,counter,boltdb_reads_total
,,0,2023-08-12T09:14:36.3340254Z,2023-08-12T10:14:36.3340254Z,2023-08-12T10:03:50Z,136878,counter,boltdb_reads_total
,,0,2023-08-12T09:14:36.3340254Z,2023-08-12T10:14:36.3340254Z,2023-08-12T10:04:00Z,136880,counter,boltdb_reads_total
,,0,2023-08-12T09:14:36.3340254Z,2023-08-12T10:14:36.3340254Z,2023-08-12T10:04:10Z,136882,counter,boltdb_reads_total
,,0,2023-08-12T09:14:36.3340254Z,2023-08-12T10:14:36.3340254Z,2023-08-12T10:04:20Z,136884,counter,boltdb_reads_total
,,0,2023-08-12T09:14:36.3340254Z,2023-08-12T10:14:36.3340254Z,2023-08-12T10:04:30Z,136886,counter,boltdb_reads_total
,,0,2023-08-12T09:14:36.3340254Z,2023-08-12T10:14:36.3340254Z,2023-08-12T10:04:40Z,136888,counter,boltdb_reads_total
,,0,2023-08-12T09:14:36.3340254Z,2023-08-12T10:14:36.3340254Z,2023-08-12T10:04:50Z,136890,counter,boltdb_reads_total
,,0,2023-08-12T09:14:36.3340254Z,2023-08-12T10:14:36.3340254Z,2023-08-12T10:05:00Z,136892,counter,boltdb_reads_total
,,0,2023-08-12T09:14:36.3340254Z,2023-08-12T10:14:36.3340254Z,2023-08-12T10:05:10Z,136894,counter,boltdb_reads_total
,,0,2023-08-12T09:14:36.3340254Z,2023-08-12T10:14:36.3340254Z,2023-08-12T10:05:20Z,136896,counter,boltdb_reads_total
,,0,2023-08-12T09:14:36.3340254Z,2023-08-12T10:14:36.3340254Z,2023-08-12T10:05:30Z,136898,counter,boltdb_reads_total
,,0,2023-08-12T09:14:36.3340254Z,2023-08-12T10:14:36.3340254Z,2023-08-12T10:05:40Z,136900,counter,boltdb_reads_total
,,0,2023-08-12T09:14:36.3340254Z,2023-08-12T10:14:36.3340254Z,2023-08-12T10:05:50Z,136902,counter,boltdb_reads_total
,,0,2023-08-12T09:14:36.3340254Z,2023-08-12T10:14:36.3340254Z,2023-08-12T10:06:00Z,136904,counter,boltdb_reads_total
,,0,2023-08-12T09:14:36.3340254Z,2023-08-12T10:14:36.3340254Z,2023-08-12T10:06:10Z,136906,counter,boltdb_reads_total
,,0,2023-08-12T09:14:36.3340254Z,2023-08-12T10:14:36.3340254Z,2023-08-12T10:06:20Z,136908,counter,boltdb_reads_total
,,0,2023-08-12T09:14:36.3340254Z,2023-08-12T10:14:36.3340254Z,2023-08-12T10:06:30Z,136910,counter,boltdb_reads_total
,,0,2023-08-12T09:14:36.3340254Z,2023-08-12T10:14:36.3340254Z,2023-08-12T10:06:40Z,136912,counter,boltdb_reads_total
,,0,2023-08-12T09:14:36.3340254Z,2023-08-12T10:14:36.3340254Z,2023-08-12T10:06:50Z,136914,counter,boltdb_reads_total
,,0,2023-08-12T09:14:36.3340254Z,2023-08-12T10:14:36.3340254Z,2023-08-12T10:07:00Z,136916,counter,boltdb_reads_total
,,0,2023-08-12T09:14:36.3340254Z,2023-08-12T10:14:36.3340254Z,2023-08-12T10:07:10Z,136918,counter,boltdb_reads_total
,,0,2023-08-12T09:14:36.3340254Z,2023-08-12T10:14:36.3340254Z,2023-08-12T10:07:20Z,136920,counter,boltdb_reads_total
,,0,2023-08-12T09:14:36.3340254Z,2023-08-12T10:14:36.3340254Z,2023-08-12T10:07:30Z,136922,counter,boltdb_reads_total
,,0,2023-08-12T09:14:36.3340254Z,2023-08-12T10:14:36.3340254Z,2023-08-12T10:07:40Z,136924,counter,boltdb_reads_total
,,0,2023-08-12T09:14:36.3340254Z,2023-08-12T10:14:36.3340254Z,2023-08-12T10:07:50Z,136926,counter,boltdb_reads_total
,,0,2023-08-12T09:14:36.3340254Z,2023-08-12T10:14:36.3340254Z,2023-08-12T10:08:00Z,136928,counter,boltdb_reads_total
,,0,2023-08-12T09:14:36.3340254Z,2023-08-12T10:14:36.3340254Z,2023-08-12T10:08:10Z,136930,counter,boltdb_reads_total
,,0,2023-08-12T09:14:36.3340254Z,2023-08-12T10:14:36.3340254Z,2023-08-12T10:08:20Z,136932,counter,boltdb_reads_total
,,0,2023-08-12T09:14:36.3340254Z,2023-08-12T10:14:36.3340254Z,2023-08-12T10:08:30Z,136934,counter,boltdb_reads_total
,,0,2023-08-12T09:14:36.3340254Z,2023-08-12T10:14:36.3340254Z,2023-08-12T10:08:40Z,136936,counter,boltdb_reads_total
,,0,2023-08-12T09:14:36.3340254Z,2023-08-12T10:14:36.3340254Z,2023-08-12T10:08:50Z,136938,counter,boltdb_reads_total
,,0,2023-08-12T09:14:36.3340254Z,2023-08-12T10:14:36.3340254Z,2023-08-12T10:09:00Z,136940,counter,boltdb_reads_total
,,0,2023-08-12T09:14:36.3340254Z,2023-08-12T10:14:36.3340254Z,2023-08-12T10:09:10Z,136942,counter,boltdb_reads_total
,,0,2023-08-12T09:14:36.3340254Z,2023-08-12T10:14:36.3340254Z,2023-08-12T10:09:20Z,136944,counter,boltdb_reads_total
,,0,2023-08-12T09:14:36.3340254Z,2023-08-12T10:14:36.3340254Z,2023-08-12T10:09:30Z,136946,counter,boltdb_reads_total
,,0,2023-08-12T09:14:36.3340254Z,2023-08-12T10:14:36.3340254Z,2023-08-12T10:09:40Z,136948,counter,boltdb_reads_total
,,0,2023-08-12T09:14:36.3340254Z,2023-08-12T10:14:36.3340254Z,2023-08-12T10:09:50Z,136957,counter,boltdb_reads_total
,,0,2023-08-12T09:14:36.3340254Z,2023-08-12T10:14:36.3340254Z,2023-08-12T10:10:00Z,136979,counter,boltdb_reads_total
,,0,2023-08-12T09:14:36.3340254Z,2023-08-12T10:14:36.3340254Z,2023-08-12T10:10:10Z,137030,counter,boltdb_reads_total
,,0,2023-08-12T09:14:36.3340254Z,2023-08-12T10:14:36.3340254Z,2023-08-12T10:10:20Z,137042,counter,boltdb_reads_total
,,0,2023-08-12T09:14:36.3340254Z,2023-08-12T10:14:36.3340254Z,2023-08-12T10:10:30Z,137044,counter,boltdb_reads_total
,,0,2023-08-12T09:14:36.3340254Z,2023-08-12T10:14:36.3340254Z,2023-08-12T10:10:40Z,137056,counter,boltdb_reads_total
,,0,2023-08-12T09:14:36.3340254Z,2023-08-12T10:14:36.3340254Z,2023-08-12T10:10:50Z,137062,counter,boltdb_reads_total
,,0,2023-08-12T09:14:36.3340254Z,2023-08-12T10:14:36.3340254Z,2023-08-12T10:11:00Z,137064,counter,boltdb_reads_total
,,0,2023-08-12T09:14:36.3340254Z,2023-08-12T10:14:36.3340254Z,2023-08-12T10:11:10Z,137066,counter,boltdb_reads_total
,,0,2023-08-12T09:14:36.3340254Z,2023-08-12T10:14:36.3340254Z,2023-08-12T10:11:20Z,138281,counter,boltdb_reads_total
,,0,2023-08-12T09:14:36.3340254Z,2023-08-12T10:14:36.3340254Z,2023-08-12T10:11:30Z,140518,counter,boltdb_reads_total
,,0,2023-08-12T09:14:36.3340254Z,2023-08-12T10:14:36.3340254Z,2023-08-12T10:11:40Z,142699,counter,boltdb_reads_total
,,0,2023-08-12T09:14:36.3340254Z,2023-08-12T10:14:36.3340254Z,2023-08-12T10:11:50Z,144761,counter,boltdb_reads_total
,,0,2023-08-12T09:14:36.3340254Z,2023-08-12T10:14:36.3340254Z,2023-08-12T10:12:00Z,146932,counter,boltdb_reads_total
,,0,2023-08-12T09:14:36.3340254Z,2023-08-12T10:14:36.3340254Z,2023-08-12T10:12:10Z,149075,counter,boltdb_reads_total
,,0,2023-08-12T09:14:36.3340254Z,2023-08-12T10:14:36.3340254Z,2023-08-12T10:12:20Z,151221,counter,boltdb_reads_total
,,0,2023-08-12T09:14:36.3340254Z,2023-08-12T10:14:36.3340254Z,2023-08-12T10:12:30Z,153295,counter,boltdb_reads_total
,,0,2023-08-12T09:14:36.3340254Z,2023-08-12T10:14:36.3340254Z,2023-08-12T10:12:40Z,154968,counter,boltdb_reads_total
,,0,2023-08-12T09:14:36.3340254Z,2023-08-12T10:14:36.3340254Z,2023-08-12T10:12:50Z,155925,counter,boltdb_reads_total
,,0,2023-08-12T09:14:36.3340254Z,2023-08-12T10:14:36.3340254Z,2023-08-12T10:13:00Z,158121,counter,boltdb_reads_total
,,0,2023-08-12T09:14:36.3340254Z,2023-08-12T10:14:36.3340254Z,2023-08-12T10:13:10Z,160285,counter,boltdb_reads_total
,,0,2023-08-12T09:14:36.3340254Z,2023-08-12T10:14:36.3340254Z,2023-08-12T10:13:20Z,162465,counter,boltdb_reads_total
,,0,2023-08-12T09:14:36.3340254Z,2023-08-12T10:14:36.3340254Z,2023-08-12T10:13:30Z,164828,counter,boltdb_reads_total
,,0,2023-08-12T09:14:36.3340254Z,2023-08-12T10:14:36.3340254Z,2023-08-12T10:13:40Z,167145,counter,boltdb_reads_total
,,0,2023-08-12T09:14:36.3340254Z,2023-08-12T10:14:36.3340254Z,2023-08-12T10:13:50Z,169125,counter,boltdb_reads_total
,,0,2023-08-12T09:14:36.3340254Z,2023-08-12T10:14:36.3340254Z,2023-08-12T10:14:00Z,170536,counter,boltdb_reads_total
,,0,2023-08-12T09:14:36.3340254Z,2023-08-12T10:14:36.3340254Z,2023-08-12T10:14:10Z,171973,counter,boltdb_reads_total
,,0,2023-08-12T09:14:36.3340254Z,2023-08-12T10:14:36.3340254Z,2023-08-12T10:14:20Z,173988,counter,boltdb_reads_total
,,0,2023-08-12T09:14:36.3340254Z,2023-08-12T10:14:36.3340254Z,2023-08-12T10:14:30Z,176163,counter,boltdb_reads_total
